**Parameter**;**Datatype**;**Explanation**
v_mean_m_per_s;float;The mean pipe velocity [m/s]
p_from_bar;float;Pressure at "from"-junction [bar]
p_to_bar;float;Pressure  at "to"-junction [bar]
t_from_k;float;Temperature at "from"-junction [K]
t_to_k;float;Temperature at "to"-junction [K]
mdot_from_kg_per_s;float;Mass flow into pipe [kg/s]
mdot_to_kg_per_s;float;Mass flow out of pipe [kg/s]
vdot_norm_m3_per_s;float;Norm volume flow [m^3/s]
reynolds;float;Average Reynolds number
lambda;float;Average pipe friction factor
