**Parameter**;**component**;**Explanation**
pn_bar;junction;Initial value used for pressure
tfluid_k;junction;No function for hydraulic calculation of incompressible media
height_m;junction;Defines the height level of the junction
loss_coefficient;pipe;A coefficient which introduces additional pressure losses
length_km;pipe;Length of the pipe
diameter_m;pipe;Inner pipe diameter
k_mm;pipe;Pipe roughness
alpha_w_per_m2K;pipe;No function for hydraulic calculation of incompressible media.
qext_w;pipe;No function for hydraulic calculation of incompressible media.
text_k;pipe;No function for hydraulic calculation of incompressible media.
